<?xml version="1.0" encoding="UTF-8"?>
<!DOCTYPE coverity SYSTEM "config.dtd">
<coverity>

<metrics>
    <metric>
        <name>time</name>
        <value>12</value>
    </metric>
    <metric>
        <name>args</name>
        <value>cov-build --dir cov-int --no-command --fs-capture-search python-fire-master</value>
    </metric>
    <metric>
        <name>host</name>
        <value>LAPTOP-VGS239DI</value>
    </metric>
    <metric>
        <name>short-platform</name>
        <value>win64</value>
    </metric>
    <metric>
        <name>platform</name>
        <value>Windows 10 (Unknown Edition number 101), 64-bit (build 17134)</value>
    </metric>
    <metric>
        <name>ident</name>
        <value>2017.07 (build c7e331b562 p-milo-push-30112.651)</value>
    </metric>
    <metric>
        <name>user</name>
        <value>MyZeus</value>
    </metric>
    <metric>
        <name>cwd</name>
        <value>D:\Nessus\hackazon-master\checker</value>
    </metric>
    <metric>
        <name>config</name>
        <value>D:\cov-analysis-win64-2017.07\cov-analysis-win64-2017.07\config\coverity_config.xml</value>
    </metric>
    <metric>
        <name>intermediatedir</name>
        <value>D:\Nessus\hackazon-master\checker\cov-int</value>
    </metric>
    <metric>
        <name>outputdir</name>
        <value>D:\Nessus\hackazon-master\checker\cov-int\output</value>
    </metric>
    <metric>
        <name>emitdir</name>
        <value>D:\Nessus\hackazon-master\checker\cov-int\emit</value>
    </metric>
    <metric>
        <name>force</name>
        <value>no</value>
    </metric>
    <metric>
        <name>cygwin</name>
        <value>no</value>
    </metric>
    <metric>
        <name>failures</name>
        <value>1</value>
    </metric>
    <metric>
        <name>successes</name>
        <value>40</value>
    </metric>
    <metric>
        <name>recoverable-errors</name>
        <value>0</value>
    </metric>
    <metric>
        <name>cs-webapps-detected</name>
        <value>0</value>
    </metric>
    <metric>
        <name>cs-webapp-successes</name>
        <value>0</value>
    </metric>
    <metric>
        <name>cs-webapp-compilation-secs</name>
        <value>0</value>
    </metric>
    <metric>
        <name>buildcmd</name>
        <value>cov-build.exe</value>
    </metric>
</metrics>
</coverity>
