<?xml version="1.0" encoding="UTF-8"?>
<!DOCTYPE coverity SYSTEM "coverity_config.dtd">
<coverity>
<!-- THIS FILE IS AUTOMATICALLY GENERATED - YOU MAY ADD XML ENTITIES -->
<!-- TO UPDATE THE COMPILER CONFIGURATION AFTER THE begin_command_line_config ENTITY. -->

    <cit_version>1</cit_version>
    <config>
      <build>
        <compiler>
          <comp_name>cov-filesystem-capture-web-app-config-0</comp_name>
          <comp_translator>web-app-config</comp_translator>
          <comp_lang>Non Compiled</comp_lang>
          <comp_front_end>cov-internal-emit-misc</comp_front_end>
          <comp_desc>Web-app Configuration Filesystem Capture</comp_desc>
          <comp_generic>web_app_config</comp_generic>
          <id>web-app-config-cov-filesystem-capture-web-app-config-0-8584329b245699cb4fa54ae50021fb01-0</id>
          <is_compiler>true</is_compiler>
          <is_linker>false</is_linker>
        </compiler>
        <options>
          <id>web-app-config-cov-filesystem-capture-web-app-config-0-8584329b245699cb4fa54ae50021fb01-0</id>
          <template_config_option_id>web-app-config-cov-filesystem-capture-web-app-config-0-.*</template_config_option_id>
          <prepend_arg>--language=web-app-config</prepend_arg>
          <split>
            <options>
              <prepend_arg>-coverity_source=non_compiled</prepend_arg>
            </options>
          </split>
          <expand>
            <options>
              <intern_split_response_file_fn>line_split</intern_split_response_file_fn>
            </options>
          </expand>
          <begin_command_line_config></begin_command_line_config>
        </options>
      </build>
    </config>
    <md5>b0e1b75980741e989cff329492a3e954</md5>
</coverity>

